customer_id,Predicted_Label
7613-LLQFO,1
4568-TTZRT,0
9513-DXHDA,0
2640-PMGFL,0
3801-HMYNL,1
0516-QREYC,0
9685-WKZGT,1
6022-UGGSO,1
8084-OIVBS,0
8896-BQTTI,0
3865-QBWSJ,0
3352-RICWQ,0
2160-GPFXD,0
2065-MMKGR,0
5857-TYBCJ,1
1498-NHTLT,0
4484-CGXFK,0
1402-PTHGN,0
4176-RELJR,0
6214-EDAKZ,0
5199-FPUSP,0
6377-KSLXC,0
1796-JANOW,0
0238-WHBIQ,0
8735-NBLWT,0
6651-RLGGM,0
6127-ISGTU,1
1614-JBEBI,0
8740-XLHDR,0
1208-DNHLN,0
1761-AEZZR,1
3923-CSIHK,1
5696-EXCYS,0
5795-KTGUD,0
7120-RFMVS,1
7924-GJZFI,1
4702-HDRKD,0
8512-WIWYV,0
5897-ZYEKH,0
5456-ITGIC,0
7317-GGVPB,0
1406-PUQVY,0
1322-AGOQM,0
3677-IYRBF,1
5692-FPTAH,1
9114-AAFQH,0
8715-KKTFG,0
1550-LOAHA,0
1728-BQDMA,1
0268-QKIWO,0
0876-WDUUZ,0
5117-ZSMHQ,0
5151-HQRDG,0
0960-HUWBM,0
6465-GSRCL,0
0617-FHSGK,0
0263-FJTQO,0
7319-ZNRTR,0
2858-MOFSQ,0
7503-EPSZW,0
7089-XXAYG,0
8118-LSUEL,1
8070-AAWZP,0
1666-JXLKU,1
7855-DIWPO,1
5133-POWUA,1
5652-MSDEY,1
7005-CCBKV,1
1810-BOHSY,0
1784-BXEFA,0
7351-MHQVU,0
9224-VTYID,0
9500-IWPXQ,0
5762-TJXGK,0
4504-YOULA,0
5569-IDSEY,0
4250-FDVOU,0
7284-ZZLOH,0
5277-ZLOOR,1
2141-RRYGO,0
1777-JYQPJ,0
6376-GAHQE,1
3401-URHDA,0
1599-EAHXY,0
8631-XVRZL,0
5052-PNLOS,1
3853-LYGAM,0
6979-ZNSFF,1
5751-USDBL,0
5680-LQOGP,0
2386-LAHRK,1
8189-DUKMV,0
6032-IGALN,1
9931-DCEZH,0
1898-JSNDC,0
0315-LVCRK,0
3911-RSNHI,0
2410-CIYFZ,0
4248-HCETZ,1
5505-OVWQW,0
7271-AJDTL,0
1867-TJHTS,0
0516-WJVXC,0
9174-FKWZE,0
6860-YRJZP,1
4429-WYGFR,0
2817-LVCPP,0
5038-ETMLM,0
5056-FIMPT,0
4521-WFJAI,0
6569-KTMDU,1
8809-RIHDD,0
8809-XKHMD,0
0396-YCHWO,1
0867-LDTTC,0
4822-NGOCH,1
9391-DXGGG,0
9844-FELAJ,0
2122-SZZZD,0
5307-DZCVC,0
3148-AOIQT,0
8679-JOEVF,0
8395-ETZKQ,0
6692-YQHXC,1
3889-VWBID,0
5222-JCXZT,0
9754-CLVZW,0
1432-FPAXX,0
2739-CCZMB,0
7080-TNUWP,0
0496-AHOOK,0
8336-TAVKX,0
2468-SJFLM,0
3181-VTHOE,0
7168-HDQHG,0
4803-AXVYP,1
3884-HCSWG,0
4567-AKPIA,0
5077-DXTCG,1
1142-WACZW,0
7901-HXJVA,1
5649-ANRML,1
4892-VLANZ,1
5924-IFQTT,0
7968-QUXNS,0
2919-HBCJO,1
4236-XPXAV,1
8903-WMRNW,1
2452-SNHFZ,0
3629-WEAAM,0
6029-CSMJE,0
7993-NQLJE,0
9909-DFRJA,0
9099-FTUHS,0
0581-BXBUB,1
4962-CHQPW,0
9467-ROOLM,0
3030-YZADT,0
7410-KTVFV,0
5150-ITWWB,1
2253-KPMNB,0
1345-ZUKID,0
6429-SHBCB,0
9281-OFDMF,0
2603-HVKCG,1
1834-WULEG,0
9097-ZUBYC,0
5148-ORICT,0
4893-GYUJU,0
4578-PHJYZ,0
7272-QDCKA,0
8908-SLFCJ,0
8393-DLHGA,1
9766-HGEDE,0
6968-MHOMU,0
7395-IGJOS,1
5044-XDPYX,0
1814-WFGVS,0
2834-SPCJV,1
3721-WKIIL,0
6734-CKRSM,0
1265-ZFOSD,0
6568-POCUI,0
7890-VYYWG,1
5197-LQXXH,0
9907-SWKKF,1
3457-PQBYH,0
7682-AZNDK,0
0587-DMGBH,1
5384-ZTTWP,1
3745-HRPHI,0
7636-OWBPG,0
1231-YNDEK,0
1407-DIGZV,0
6397-JNZZG,0
0570-BFQHT,1
4393-OBCRR,0
3523-QRQLL,0
8564-LDKFL,0
3696-DFHHB,0
0895-DQHEW,1
4717-GHADL,0
5501-TVMGM,1
5879-HMFFH,0
6772-WFQRD,0
3810-DVDQQ,0
6972-SNKKW,0
3694-GLTJM,0
8550-XSXUQ,0
8149-RSOUN,1
9055-MOJJJ,0
4359-INNWN,0
0585-EGDDA,0
4032-RMHCI,0
0549-CYCQN,0
3481-JHUZH,0
7250-EQKIY,1
3594-IVHJZ,0
6869-FGJJC,0
3896-ZVNET,0
8205-VSLRB,0
5960-MVTUK,0
6817-WTYHE,1
3082-VQXNH,0
4013-UBXWQ,0
4931-TRZWN,0
0750-EKNGL,0
7669-LCRSD,0
3567-PQTSO,0
5519-NPHVG,1
8043-PNYSD,0
9938-EKRGF,0
2703-AMTUL,0
0928-JMXNP,1
8173-RXAYP,0
4825-XJGDM,0
5402-HTOTQ,0
6734-JDTTV,0
7850-THJMU,0
3890-RTCMS,0
8849-GYOKR,0
3148-BLQJT,0
3717-FDJFU,0
3665-JATSN,0
7966-YOTQW,1
0461-CVKMU,0
8806-EAGWC,1
8853-TZDGH,0
7779-LGOVN,1
4324-BZCKL,0
6924-TDGMT,0
9710-ZUSHQ,0
1536-YHDOE,0
8123-QBNAZ,1
3629-ZNKXA,1
4827-LTQRJ,0
7711-YIJWC,0
5482-VXSXJ,0
7365-BVCJH,1
9620-ENEJV,1
4183-WCSEP,0
2378-YIZKA,0
5498-TXHLF,0
0689-DSXGL,0
6818-DJXAA,1
9722-UJOJR,1
0464-WJTKO,0
8902-ZEOVF,0
6778-EICRF,0
2662-NNTDK,0
4132-KALRO,1
3902-FOIGH,1
6772-KSATR,1
7112-OPOTK,0
2874-YXVVA,1
1245-HARPS,0
4210-QFJMF,1
4323-ELYYB,0
4293-ETKAP,0
6064-PUPMC,0
6504-VBLFL,0
6322-PJJDJ,0
0330-BGYZE,0
1085-LDWAM,0
7586-ZATGZ,1
7197-VOJMM,0
3318-OSATS,1
5828-AVIPD,0
1843-TLSGD,0
9626-VFRGG,0
7075-BNDVQ,0
9143-CANJF,0
7284-BUYEC,1
2041-JIJCI,0
1086-LXKFY,1
4900-MSOMT,0
2229-VWQJH,0
9194-GFVOI,0
1336-EZFZY,0
4282-MSACW,0
1403-LKLIK,0
2636-ALXXZ,1
7774-OJSXI,0
7786-WBJYI,0
0136-IFMYD,0
5144-TVGLP,0
9643-AVVWI,1
0253-ZTEOB,0
2706-QZIHY,0
6061-PQHMK,0
9885-CSMWE,1
6137-MFAJN,0
9122-UMROB,0
4232-JGKIY,0
2402-TAIRZ,0
9659-ZTWSM,0
9139-TWBAS,0
6685-GBWJZ,0
5016-ETTFF,0
3866-MDTUB,0
2195-VVRJF,0
3913-RDSJZ,0
8058-JMEQO,1
4203-QGNZA,0
5043-TRZWM,1
0697-ZMSWS,1
7657-DYEPJ,0
9494-BDNNC,0
1640-PLFMP,1
5366-OBVMR,0
8276-MQBYC,1
7593-XFKDI,1
4573-JKNAE,0
0337-CNPZE,1
9817-APLHW,0
8380-MQINP,0
0840-DFEZH,0
1513-XNPPH,0
8690-ZVLCL,0
6015-VVHHE,1
1125-SNVCK,0
0384-LPITE,0
4616-EWBNJ,0
6347-DCUIK,1
1335-HQMKX,0
2545-EBUPK,1
6923-AQONU,0
2172-EJXVF,0
0897-FEGMU,1
7663-RGWBC,1
1120-BMWUB,0
9124-LHCJQ,1
4536-PLEQY,1
7029-IJEJK,0
8871-JLMHM,0
2235-ZGKPT,0
3891-PUQOD,1
5447-VYTKW,0
3623-FQBOX,0
0689-NKYLF,1
8659-HDIYE,0
3658-KIBGF,1
3474-BAFSJ,0
5519-YLDGW,1
3865-ZFZIB,0
1855-AGAWH,1
7109-CQYUZ,0
1370-GGAWX,0
4680-KUTAJ,0
5307-UVGNB,0
4946-EDSEW,0
2883-ILGWO,0
2516-VQRRV,1
7580-UGXNC,0
3642-BYHDO,0
9629-NHXFW,0
2696-RZVZW,0
5766-FTRTS,0
0396-HUJBP,0
5178-LMXOP,1
8879-ZKJOF,0
6285-FTQBF,0
8185-UPYBR,1
4585-HETAI,1
7526-BEZQB,1
1474-JUWSM,0
3530-CRZSB,0
8498-XXGWA,0
9617-INGJY,1
0621-TSSMU,0
7234-KMNRQ,0
7636-PEPNS,0
4683-WYDOU,0
9052-DHNKM,0
6794-HKIAJ,0
5578-NKCXI,0
1642-HMARX,0
3096-WPXBT,0
8434-PNQZX,0
5950-AAAGJ,1
4299-OPXEJ,0
4951-UKAAQ,1
9618-LFJRU,0
6693-DJWTY,0
0744-GKNGE,0
6447-EGDIV,0
1167-OYZJF,0
2108-YKQTY,0
4806-DXQCE,0
4918-QLLIW,1
7056-IMHCC,1
4854-SSLTN,0
5294-DMSFH,1
4837-PZTIC,0
1625-JAIIY,0
0603-OLQDC,0
3272-VUHPV,0
4176-FXYBO,1
1063-DHQJF,0
8663-UPDGF,0
6719-FGEDO,0
1837-YQUCE,0
2947-DOMLJ,0
4112-LUEIZ,1
0369-ZGOVK,0
4510-HIMLV,1
9919-KNPOO,1
8749-JMNKX,0
7872-BAAZR,0
9391-LMANN,0
2430-USGXP,1
8174-TBVCF,0
1698-XFZCI,1
1877-HKBQX,0
4450-DLLMH,1
0428-AXXLJ,0
2746-DIJLO,0
5955-ERIHD,1
0917-EZOLA,0
3508-VLHCZ,0
4086-ATNFV,0
0468-YRPXN,0
5996-NRVXR,0
3739-YBWAB,0
7047-FWEYA,0
2000-MPKCA,1
9762-YAQAA,0
5949-EBSQK,0
5473-KHBPS,0
0100-DUVFC,0
5397-TUPSH,0
8950-MTZNV,1
0326-VDYXE,0
6773-LQTVT,0
7274-RTAPZ,1
0436-TWFFZ,0
8566-YPRGL,0
0311-UNPFF,1
6609-MXJHJ,0
2669-OIDSD,0
8400-WZICQ,0
3834-XUIFC,1
9576-SYUHJ,1
0410-IPFTY,1
2831-EBWRN,1
9430-NKQLY,0
8414-MYSHR,1
0247-SLUJI,1
9402-ORRAH,1
6483-OATDN,0
1293-HHSHJ,0
4840-ORQXB,1
7599-FKVXZ,1
3982-DQLUS,0
8610-ZIKJJ,0
3756-VNWDH,0
7801-KICAO,1
7673-LPRNY,0
8229-TNIQA,1
6060-QBMGV,0
7339-POGZN,1
2828-SLQPF,0
4465-VDKIQ,0
2921-XWDJH,0
6221-AVQYL,1
2558-BUOZZ,0
9257-AZMTZ,0
0003-MKNFE,0
0975-UYDTX,0
7743-EXURX,1
4682-BLBUC,0
0975-VOOVL,0
5968-VXZLG,1
5569-KGJHX,1
4988-IQIGL,1
5201-FRKKS,0
9799-CAYJJ,1
7730-IUTDZ,0
0426-TIRNE,0
5443-SCMKX,0
8295-KMENE,0
6738-ISCBM,0
9821-BESNZ,1
3678-MNGZX,0
1335-NTIUC,1
2916-BQZLN,0
4558-CGYCZ,0
2368-GAKKQ,0
8710-YGLWG,1
3199-XGZCY,0
3785-KTYSH,0
6814-ZPWFQ,0
4063-EIKNQ,1
6993-YCOBK,0
5206-HPJKM,1
7587-RZNME,1
0748-RDGGM,0
8393-JMVMB,1
5019-GQVCR,1
6036-TTFYU,0
2550-AEVRU,0
0969-RGKCU,0
0378-CJKPV,0
4706-AXVKM,1
5889-JTMUL,1
9026-RNUJS,1
3746-EUBYR,1
2332-EFBJY,0
2880-FPNAE,1
1703-MGIAB,0
4311-QTTAI,0
9474-PHLYD,0
4318-RAJVY,0
2165-VOEGB,0
3612-YUNGG,0
2254-DLXRI,1
5062-CJJKH,0
9028-LIHRP,0
2219-MVUSO,0
1053-MXTTK,0
1530-ZTDOZ,0
1301-LOPVR,0
0853-TWRVK,0
8914-RBTSB,0
6212-ATMLK,1
8200-LGKSR,0
1568-BEKZM,0
0670-ANMUU,0
6897-RWMUB,0
0963-ZBDRN,1
7594-RQHXR,1
6999-CHVCF,0
6134-KWTBV,0
1077-HUUJM,1
6331-EWIEB,1
0895-LNKRC,0
2045-BMBTJ,0
8417-GSODA,0
5171-EPLKN,0
4452-QIIEB,0
5998-VVEJY,0
1624-NALOJ,1
6741-EGCBI,0
7820-ZYGNY,0
4317-VTEOA,0
9677-AVKED,0
1670-SVOWZ,0
2227-JRSJX,0
9847-HNVGP,0
6696-YDAYZ,0
8980-WQFWL,0
1730-ZMAME,1
6506-EYCNH,0
4634-JLRJT,0
9501-UKKNL,0
2560-QTSBS,0
7541-YLXCL,0
4795-WRNVT,0
6080-TCMYC,1
0260-ZDLGK,0
7860-UXCRM,0
6357-JJPQT,1
2292-XQWSV,0
9552-TGUZV,1
5913-INRQV,0
8722-NGNBH,0
6210-KBBPI,1
9643-YBLUR,0
8734-FNWVH,0
9447-YPTBX,0
0133-BMFZO,0
6128-CZOMY,1
9540-JYROE,1
9026-LHEVG,0
2260-USTRB,1
3656-TKRVZ,0
7011-CVEUC,0
6185-TASNN,1
7925-PNRGI,0
8623-TMRBY,0
1552-CZCLL,0
3038-PQIUY,0
1501-SGHBW,1
9313-CDOGY,0
8148-BPLZQ,0
2623-DRYAM,0
9987-LUTYD,0
3208-YPIOE,0
4488-KQFDT,1
2612-RANWT,1
5693-PIPCS,0
0491-KAPQG,1
1925-LFCZZ,0
8039-EQPIM,0
6900-PXRMS,0
8707-RMEZH,0
3346-BRMIS,1
3209-ZPKFI,0
6479-VDGRK,0
9373-WSLOY,0
2933-FILNV,1
3569-JFODW,0
9819-FBNSV,1
9544-PYPSJ,0
1591-XWLGB,0
0396-UKGAI,0
3243-ZHOHY,0
5186-EJEGL,0
7527-QNRUS,0
9986-BONCE,0
2722-JMONI,0
2203-GHNWN,0
3878-AVSOQ,1
3258-SYSWS,0
5296-PSYVW,0
6319-QSUSR,0
4083-EUGRJ,0
7579-OOPEC,0
0512-FLFDW,0
1771-OADNZ,1
0487-CRLZF,0
2107-FBPTK,1
9451-WLYRI,0
8219-VYBVI,0
1991-VOPLL,0
9738-QLWTP,0
1016-DJTSV,1
9419-IPPBE,0
0174-QRVVY,0
5699-BNCAS,0
2900-PHPLN,0
0612-RTZZA,1
8106-GWQOK,0
8751-EDEKA,0
6878-GGDWG,0
4039-PIMHX,0
8450-LUGUK,0
3604-WLABM,0
0795-GMVQO,0
2259-OUUSZ,0
1142-IHLOO,0
6410-LEFEN,1
4633-MKHYU,1
6257-RJOHI,0
1545-JFUML,0
3194-ORPIK,0
7826-VVKWT,0
1353-GHZOS,0
2587-EKXTS,1
5442-BXVND,0
8816-VXNZD,1
9378-FXTIZ,0
1723-HKXJQ,1
7825-GKXMW,1
9753-OYLBX,0
2364-UFROM,0
6656-JWRQX,0
6473-ULUHT,0
1240-KNSEZ,0
0836-SEYLU,0
4433-JCGCG,1
3716-BDVDB,1
7688-AWMDX,0
2842-BCQGE,0
7244-QWYHG,0
5899-MQZZL,1
6849-OYAMU,0
5312-UXESG,1
9488-HGMJH,1
6038-GCYEC,0
2150-WLKUW,0
7159-FVYPK,0
7032-LMBHI,0
1150-WFARN,0
6088-BXMRG,0
3144-AUDBS,0
4821-SJHJV,1
7346-MEDWM,0
1137-DGOWI,0
5616-PRTNT,0
3812-LRZIR,0
4818-QIUFN,0
9483-GCPWE,0
4227-OJHAL,0
9220-CXRSC,0
4993-JCRGJ,0
9537-JALFH,0
6698-OXETB,0
2103-ZRXFN,1
3724-BSCVH,0
4877-TSOFF,0
9209-NWPGU,0
6961-VCPMC,1
7306-YDSOI,0
5288-AHOUP,1
6688-UZPWD,1
0655-YDGFJ,0
8468-EHYJA,0
6823-SIDFQ,0
1097-FSPVW,0
2839-RFSQE,0
8328-SKJNO,0
7010-ZMVBF,0
5201-CBWYG,0
0968-GSIKN,1
1965-DDBWU,0
9057-SIHCH,1
6352-GIGGQ,0
3635-QQRQD,0
6771-XWBDM,1
2897-DOVND,1
3082-YVEKW,0
0191-EQUUH,0
7134-HBPBS,0
3489-HHPFY,1
2926-JEJJC,0
8601-QACRS,1
4950-BDEUX,0
5789-LDFXO,0
0508-OOLTO,1
2984-TBYKU,0
9822-WMWVG,0
2391-SOORI,0
9040-KZVWO,0
2645-QTLMB,1
4806-HIPDW,1
1548-ARAGG,0
6339-RZCBJ,0
4424-TKOPW,1
4415-WNGVR,0
2522-AHJXR,0
0412-UCCNP,0
1816-FLZDK,0
7096-UCLNH,0
8443-ZRDBZ,1
9136-ALYBR,1
4615-PIVVU,0
8885-QSQBX,0
7479-NITWS,1
8617-ENBDS,1
9385-NXKDA,0
0430-IHCDJ,0
2959-MJHIC,1
6674-KVJHG,0
1814-DKOLC,0
4201-JMNGR,0
9351-HXDMR,0
3537-HPKQT,0
2129-ALKBS,0
5821-MMEIL,0
5960-WPXQM,1
0684-AOSIH,1
8260-NGFNY,1
1309-XGFSN,0
1866-RZZQS,1
6968-URWQU,0
4742-TXUEX,0
9631-XEYKE,1
8631-NBHFZ,0
1335-MXCSE,0
8873-TMKGR,0
8800-JOOCF,1
1469-LBJQJ,1
4958-XCBDQ,1
8337-UPOAQ,1
0064-YIJGF,1
2386-OWURY,1
1725-IQNIY,0
0310-VQXAM,0
6598-RFFVI,0
3453-RTHJQ,1
6712-OAWRH,1
6278-FEPBZ,0
4280-DLSHD,0
1508-DFXCU,1
8614-VGMMV,0
7868-BGSZA,0
2800-QQUSO,1
2930-UOTMB,0
7973-DZRKH,0
5914-DVBWJ,0
7698-YFGEZ,0
2533-QVMSK,0
9773-PEQBZ,1
8644-XLFBW,1
0650-BWOZN,1
8625-AZYZY,1
7785-RDVIG,1
9602-WCXPI,0
2903-YYTBW,1
3620-MWJNE,0
8573-JGCZW,0
6837-HAEVO,0
6701-YVNQG,0
9306-CPCBC,1
4304-XUMGI,0
9504-YAZWB,0
8819-ZBYNA,0
6174-NRBTZ,0
9481-IEBZY,0
1833-VGRUM,1
6137-NICCO,1
9065-ZCPQX,0
6402-EJMWF,1
3620-EHIMZ,0
6870-ECSHE,0
8747-UDCOI,0
8374-XGEJJ,1
2656-TABEH,1
6946-LMSQS,0
4626-OZDTJ,0
9169-BSVIN,0
2325-ZUSFD,0
8194-PEEBY,0
6872-HXFNF,0
3932-CMDTD,0
7714-YXSMB,1
8387-UGUSU,1
1080-BWSYE,0
4039-HEUNW,1
1194-HVAIF,0
0812-WUPTB,1
3594-UVONA,0
0004-TLHLJ,1
1767-TGTKO,1
8439-LTUGF,0
8805-JNRAZ,0
5089-IFSDP,0
6418-HNFED,0
0206-OYVOC,0
7291-CDTMJ,0
7128-GGCNO,0
0237-YFUTL,0
7691-KGKGP,0
6710-HSJRD,0
3675-EQOZA,0
0840-DCNZE,0
1732-FEKLD,0
9862-KJTYK,0
0479-HMSWA,0
5854-KSRBJ,0
0365-BZUWY,1
4817-VYYWS,1
5701-SVCWR,1
3129-AAQOU,0
4922-CVPDX,0
1396-QWFBJ,1
1357-BIJKI,1
1099-BTKWT,0
5299-SJCZT,1
2018-PZKMU,1
7340-KEFQE,0
4570-QHXHL,1
2403-BCASL,0
7392-YYPYJ,1
2898-LSJGD,0
2223-GDSHL,0
7359-PTSXY,1
9470-RTWDV,0
2176-OSJUV,0
9348-YVOMK,1
8104-OSKWT,0
4521-YEEHE,0
4090-KPJIP,1
3786-WOVKF,0
4503-BDXBD,0
6086-ESGRL,1
2592-HODOV,0
3886-CERTZ,0
7995-ZHHNZ,0
3824-RHKVR,0
5816-SCGFC,0
5989-AXPUC,0
4979-HPRFL,0
8590-OHDIW,0
8015-IHCGW,0
2332-TODQS,0
9278-VZKCD,0
8008-OTEZX,0
2773-OVBPK,0
5999-LCXAO,1
5206-XZZQI,0
4803-LBYPN,0
5759-RCVCB,1
6372-RFVNS,1
2139-FQHLM,0
8261-GWDBQ,0
1093-YSWCA,0
8938-UMKPI,0
0991-BRRFB,0
3882-IYOIJ,0
8749-TZYEC,0
1755-FZQEC,0
3115-JPJDD,0
5600-KTXFM,1
3871-IKPYH,1
6319-IEJWJ,1
9025-AOMKI,1
6339-TBELP,0
7964-YESJC,0
6173-GOLSU,1
5275-SQEIZ,1
7716-YTYHG,0
9938-ZREHM,0
7950-XWOVN,0
4390-KYULV,0
4647-MUZON,1
9702-AIUJO,0
8849-PRIQJ,0
8851-RAGOV,0
1304-NECVQ,1
5396-IZEPB,0
1729-VLAZJ,0
8285-ABVLB,0
0701-TJSEF,0
5712-VBOXD,0
6629-LADHQ,0
8945-GRKHX,1
1559-DTODC,0
4797-MIWUM,0
6959-UWKHF,1
8720-RQSBJ,1
4537-CIBHB,0
3815-SLMEF,0
5154-VEKBL,0
4324-AHJKS,0
4355-CVPVS,0
4495-LHSSK,0
5655-JSMZM,1
5915-ANOEI,0
9861-PDSZP,0
4505-EXZHB,1
7225-CBZPL,1
6704-UTUKK,0
4587-VVTOX,1
2019-HDCZY,0
4652-NNHNY,1
8788-DOXSU,0
7404-JLKQG,1
7421-ZLUPA,0
8972-HJWNV,1
3274-NSDWE,0
2632-IVXVF,0
3692-JHONH,1
8915-NNTRC,0
5914-GXMDA,0
7463-IFMQU,0
2920-RNCEZ,1
2541-YGPKE,0
8515-OCTJS,0
5382-TEMLV,0
3441-CGZJH,0
9592-ERDKV,0
2860-RANUS,1
5261-QSHQM,1
4778-IZARL,0
0432-CAJZV,1
7008-LZVOZ,0
8868-WOZGU,1
1200-TUZHR,1
9365-CSLBQ,0
1334-FJSVR,1
5884-FBCTL,0
7130-CTCUS,0
6242-FEGFD,0
7625-XCQRH,1
6194-HBGQN,0
7634-WSWDB,1
6986-IXNDM,1
1731-TVIUK,1
2987-BJXIK,0
9769-TSBZE,0
0406-BPDVR,0
0618-XWMSS,0
1395-WSWXR,0
6023-GSSXW,0
6752-APNJL,0
5276-KQWHG,1
0420-HLGXF,1
7446-KQISO,0
9823-EALYC,0
0582-AVCLN,0
5803-NQJZO,0
2565-JSLRY,0
2607-DHDAK,0
1073-XXCZD,0
0743-HRVFF,0
4006-HKYHO,0
3727-JEZTU,0
8143-ETQTI,0
6689-KXGBO,0
9667-TKTVZ,0
3657-COGMW,0
8570-KLJYJ,0
7754-IXRMC,1
9473-CBZOP,0
2969-WGHQO,0
6615-NGGZJ,1
4334-HOWRP,0
4255-DDUOU,0
5863-OOKCL,0
1686-STUHN,0
1329-VHWNP,1
2984-MIIZL,1
0266-GMEAO,0
5590-YRFJT,0
5574-NXZIU,0
0019-GFNTW,0
4256-ZWTZI,0
8309-PPCED,0
4098-NAUKP,0
5196-WPYOW,0
4608-LCIMN,0
1485-YDHMM,0
4054-CUMIA,0
0603-TPMIB,0
2525-GVKQU,0
8161-QYMTT,1
9581-GVBXT,0
5862-BRIXZ,0
5404-GGUKR,0
3308-JSGML,0
2126-GSEGL,0
3677-TNKIO,1
0440-QEXBZ,0
2434-EEVDB,0
6762-QVYJO,0
6199-IWKGC,0
2675-DHUTR,1
8152-VETUR,0
9667-EQRXU,1
7446-YPODE,0
9522-BNTHX,1
4676-WLUHT,0
3329-WDIOK,1
7980-MHFLQ,0
2873-ZLIWT,1
3415-TAILE,0
0757-WCUUZ,0
1629-DQQVB,0
1915-IOFGU,1
3045-XETSH,0
0374-AACSZ,0
7239-HZZCX,0
4872-VXRIL,0
9140-CZQZZ,0
3423-HHXAO,0
9938-TKDGL,0
0531-ZZJWQ,1
6537-QLGEX,1
2688-BHGOG,1
7683-CBDKJ,0
0946-CLJTI,1
3160-TYXLT,0
1325-USMEC,0
0916-QOFDP,1
0628-CNQRM,0
5606-AMZBO,1
6199-IPCAO,0
7665-TOALD,1
0112-QWPNC,0
0324-BRPCJ,1
2777-PHDEI,1
5640-CAXOA,0
2235-EZAIK,0
3847-BAERP,0
1196-AMORA,1
4282-YMKNA,1
1453-RZFON,0
8263-OKETD,0
0670-KDOMA,0
2476-YGEFM,0
8687-BAFGU,1
0641-EVBOJ,0
0829-XXPLX,0
9974-JFBHQ,0
5356-RHIPP,0
6624-JDRDS,0
0608-JDVEC,0
9780-FKVVF,0
1919-RTPQD,1
5214-NLTIT,0
3345-PBBFH,0
5055-BRMNE,0
9189-JWSHV,1
2190-PHBHR,0
2650-GYRYL,0
0746-JTRFU,1
5208-FVQKB,0
7184-LRUUR,0
6627-CFOSN,0
3982-JGSFD,0
1574-DYCWE,0
7247-XOZPB,0
2466-FCCPT,0
6211-WWLTF,0
4826-TZEVA,0
6016-NXBNJ,0
9138-EFSMO,0
0576-WNXXC,1
4632-XJMEX,0
8910-LEDAG,0
3452-GWUIN,1
2716-GFZOR,0
3724-UCSHY,0
8626-XHBIE,0
4628-CTTLA,0
3192-LNKRK,0
4439-YRNVD,0
2876-VBBBL,0
6834-NXDCA,1
2208-UGTGR,1
3005-TYFRD,1
8670-MEFCP,0
3079-BCHLN,0
7777-UNYHB,0
5597-GLBUC,1
7278-CKDNC,1
2748-MYRVK,0
8450-UYIBU,1
2969-VAPYH,0
4822-YCXMX,1
7181-OQCUT,1
8474-UMLNT,0
9821-POOTN,1
3836-FZSDJ,0
9142-XMYJH,0
6559-ILWKJ,0
0187-QSXOE,1
7733-UDMTP,1
2649-HWLYB,0
5214-CHIWJ,0
4229-CZMLL,1
6904-JLBGY,0
2465-BLLEU,0
1685-VAYJF,0
8874-EJNSR,0
6917-YACBP,0
5049-MUBWG,0
4223-WOZCM,1
0769-MURVM,0
9253-VIFJQ,0
7030-FZTFM,0
9741-YLNTD,1
5917-RYRMG,0
5120-ZBLAI,0
1194-BHJYC,0
3663-MITLP,1
0906-QVPMS,0
9025-ZRPVR,0
1905-OEILC,1
7858-GTZSP,1
3285-UCQVC,0
6248-BSHKG,0
4685-TFLLS,0
3470-BTGQO,0
1209-VFFOC,0
8224-DWCKX,1
5482-PLVPE,1
4553-DVPZG,1
4902-OHLSK,0
6917-IAYHD,0
0495-ZBNGW,1
8620-RJPZN,0
7572-KPVKK,0
2642-MAWLJ,0
2357-COQEK,1
7103-ZGVNT,0
3737-GCSPV,1
2027-WKXMW,0
7137-NAXML,0
2428-ZMCTB,0
2961-VNFKL,0
1768-HNVGJ,0
6963-KQYQB,0
5934-RMPOV,1
1207-BLKSA,0
4088-YLDSU,0
8316-BBQAY,0
1166-PQLGG,0
3146-JTQHR,0
4291-YZODP,0
4395-PZMSN,1
6427-FEFIG,0
0017-IUDMW,0
8706-HRADD,0
9955-QOPOY,0
4385-ZKVNW,0
5446-DKWYW,0
2034-CGRHZ,1
5797-APWZC,1
3683-QKIUE,1
4228-ZGYUW,1
9031-ZVQPT,0
2990-IAJSV,0
8107-KNCIM,1
9027-YFHQJ,0
5176-LDKUH,0
4644-OBGFZ,0
7926-IJOOU,0
6480-YAGIY,0
4029-HPFVY,1
7602-DBTOU,0
5345-BMKWB,0
3519-ZKXGG,1
5457-COLHT,0
6416-TVAIH,1
5451-YHYPW,0
5108-ADXWO,0
7998-WNZEM,0
3066-RRJIO,1
4664-NJCMS,0
0307-BCOPK,0
7629-WFGLW,0
2542-HYGIQ,0
6715-OFDBP,0
5016-LIPDW,0
6481-LXPWL,0
1567-DSCIC,1
2150-UWTFY,0
6124-ACRHJ,0
9362-MWODR,0
9975-GPKZU,0
9625-RZFUK,0
5153-LXKDT,0
5161-UBZXI,0
1020-JPQOW,0
7919-ZODZZ,0
0565-JUPYD,0
6867-ACCZI,0
5939-XAIXZ,0
9054-FOWNV,1
2683-BPJSO,1
2157-MXBJS,0
8207-VVMYB,0
9732-EQMWY,1
9360-AHGNL,0
1087-UDSIH,0
5269-NRGDP,0
6195-MELTI,0
5485-WUYWF,0
2121-JAFOM,0
8818-DOPVL,1
2632-UCGVD,0
5445-PZWGX,0
1227-UDMZR,0
5198-HQAEN,0
9170-CCKOU,0
2167-FQSTQ,0
2819-GWENI,0
1043-YCUTE,0
3814-MLAXC,0
3572-UUHRS,0
2692-PFYTJ,0
1226-UDFZR,1
5955-EPOAZ,0
6821-JPCDC,0
8815-LMFLX,0
9135-HSWOC,0
8582-KRHPJ,0
5811-IWXYM,0
7044-YAACC,1
8189-XRIKE,0
1506-YJTYT,0
4123-DVHPH,1
6425-YQLLO,0
5442-UTCVD,1
2228-BZDEE,0
7734-DBOAI,0
2789-CZANW,0
2091-RFFBA,1
2114-MGINA,1
7596-LDUXP,0
3740-RLMVT,0
4489-SNOJF,0
2192-OZITF,0
5651-CPDND,0
2186-QZEYA,0
1131-ALZWV,0
7729-XBTWX,0
9134-WYRVP,0
3284-SVCRO,0
9732-OUYRN,0
0559-CKHUS,0
2931-SVLTV,0
6899-PPEEA,1
7504-UWHNB,0
2582-FFFZR,0
8908-NMQTX,0
2187-LZGPL,1
1431-AIDJQ,0
6288-LBEAR,0
4597-NUCQV,1
9019-QVLZD,1
8413-YNHNV,0
5808-TOTXO,0
4369-NYSCF,0
6333-YDVLT,0
5324-KTGCG,0
5599-HVLTW,1
7394-LWLYN,1
3707-LRWZD,0
6873-UDNLD,0
2700-LUEVA,0
1455-ESIQH,1
0958-YHXGP,1
1101-SSWAG,1
2979-SXESE,1
4013-TLDHQ,1
5743-KHMNA,0
4194-FJARJ,0
5325-UWTWJ,0
3969-GYXEL,0
9208-OLGAQ,1
3244-CQPHU,0
2674-MLXMN,1
9708-HPXWZ,0
6992-TKNYO,0
4468-YDOVK,0
3754-DXMRT,1
5792-JALQC,0
7130-VTEWQ,1
2200-DSAAL,0
4302-ZYFEL,0
9351-LZYGF,0
4366-CTOUZ,0
6121-VZNQB,0
7903-CMPEY,1
1518-OMDIK,0
6671-NGWON,0
0595-ITUDF,0
6996-KNSML,1
1955-IBMMB,0
0096-BXERS,1
3806-YAZOV,0
7998-ZLXWN,0
6253-WRFHY,0
9133-AYJZG,0
2675-OTVVJ,1
8680-CGLTP,0
8430-TWCBX,0
5018-GWURO,0
6741-QRLUP,0
4737-HOBAX,0
0537-QYZZN,0
3340-QBBFM,0
1704-NRWYE,1
2592-SEIFQ,1
8200-KLNYW,0
3372-CDXFJ,0
4781-ZXYGU,1
7632-YUTXB,0
2718-YSKCS,0
9896-UYMIE,0
0853-NWIFK,0
8212-CRQXP,1
6980-CDGFC,0
7691-XVTZH,0
7481-ATQQS,0
2277-VWCNI,1
1088-CNNKB,0
8642-GVWRF,1
1930-BZLHI,0
3400-ESFUW,0
5868-YTYKS,0
3525-DVKFN,0
1482-OXZSY,1
0377-JBKKT,0
5778-BVOFB,0
3373-YZZYM,1
2057-ZBLPD,1
0228-MAUWC,0
5502-RLUYV,1
0023-HGHWL,1
7663-YJHSN,0
4915-BFSXL,0
3086-RUCRN,0
5215-LNLDJ,1
7576-JMYWV,0
9039-RBEEE,0
0257-KXZGU,0
1307-ATKGB,0
8417-FMLZI,1
3714-XPXBW,0
1850-AKQEP,0
2824-DXNKN,0
5227-JSCFE,0
0848-ZGQIJ,1
3621-CHYVB,0
8042-RNLKO,0
1792-UXAFY,1
5372-FBKBN,0
0420-TXVSG,0
6217-TOWGS,0
0515-YPMCW,1
0378-XSZPU,0
1045-LTCYT,0
1544-JJMYL,0
4636-JGAAI,0
6874-SGLHU,0
5951-AOFIH,0
4729-XKASR,0
3059-NGMXB,0
8652-YHIYU,0
5278-PNYOX,0
5449-FIBXJ,0
3486-HOOGQ,0
5061-PBXFW,0
8630-FJLIB,0
3891-NLXJB,0
4749-OJKQU,1
0577-WHMEV,0
5453-AXEPF,1
3639-XJHKQ,0
3716-LRGXK,0
2263-SFSQZ,0
9950-MTGYX,0
3397-AVTKU,0
4825-FUREZ,0
9837-BMCLM,1
2672-OJQZP,1
0137-UDEUO,0
3134-DSHVC,0
6161-UUUTA,1
7821-DPRQE,0
6543-XRMYR,1
2001-EWBQU,0
4925-LMHOK,0
1608-GMEWB,1
6695-AMZUF,0
1455-UGQVH,1
8410-BGQXN,0
8280-MQRQN,1
1619-YWUBB,0
7611-YKYTC,0
2037-SGXHH,0
3178-FESZO,1
0365-GXEZS,0
0082-OQIQY,1
6087-MVHJH,1
4603-JANFB,1
3018-TFTSU,0
3606-SBKRY,0
4806-KEXQR,1
0667-NSRGI,0
7083-YNSKY,0
6893-ODYYE,0
8242-JSVBO,1
2479-BRAMR,0
9541-ZPSEA,0
2665-NPTGL,1
1139-WUOAH,0
4693-VWVBO,0
7434-SHXLS,0
6937-GCDGQ,0
0988-JRWWP,0
5075-JSDKI,0
7908-QCBCA,1
8644-XYTSV,0
6711-FLDFB,0
3873-WOSBC,0
7465-ZZRVX,1
7975-JMZNT,0
7251-XFOIL,0
4116-IQRFR,0
3714-JTVOV,0
8259-DZLIZ,0
0442-ZXKVS,0
7853-WNZSY,0
3120-FAZKD,0
8606-OEGQZ,0
0225-ZORZP,1
4702-IOQDC,1
9489-JMTTN,0
0575-CUQOV,1
0967-BMLBD,0
6178-KFNHS,0
2830-LEWOA,0
5006-MXVRN,0
1264-BYWMS,1
9658-WYUFB,1
8327-WKMIE,0
6917-FIJHC,0
5329-KRDTM,0
7797-EJMDP,0
3530-VWVGU,0
2013-SGDXK,1
6368-NWMCE,0
3633-CDBUW,0
0707-HOVVN,0
8580-QVLOC,0
3956-MGXOG,0
9274-UARKJ,1
4077-HWUYD,0
2012-NWRPA,1
8808-ELEHO,1
0103-CSITQ,0
3506-LCJDC,1
8671-KKKOS,0
7305-ZWMAJ,0
9518-XXBXE,0
3934-HXCFZ,1
6578-KRMAW,0
4860-IJUDE,0
7666-WKRON,0
9688-YGXVR,0
0423-UDIJQ,1
1945-XISKS,0
4910-AQFFX,1
2154-KVJFF,1
5360-LJCNJ,0
2607-FBDFF,0
9647-ERGBE,1
3428-XZMAZ,1
1100-DDVRV,0
0378-TOVMS,1
4355-HBJHH,0
6728-WYQBC,0
9058-CBREO,1
9029-FEGVJ,0
7216-KAOID,0
0318-QUUOB,1
6145-NNPNO,1
5520-FVEWJ,1
5339-TJFEK,0
5572-ZDXHY,0
2074-GUHPQ,0
4625-XMOYM,0
5827-MWCZK,0
1385-TQOZW,0
5914-XRFQB,0
4329-YPDDQ,1
4804-NCPET,0
3750-CKVKH,1
5944-UGLLK,0
8063-GBATB,1
7787-BNTZM,0
2252-ISRNH,0
9415-TPKRV,0
5322-TEUJK,0
4547-KQRTM,1
4877-EVATK,0
1866-DIOQZ,0
8375-KVTHK,1
2697-NQBPF,1
3709-OIJEA,0
7639-SUPCW,1
1386-ZIKUV,0
0599-XNYDO,1
6377-WHAOX,1
6855-VLGOS,0
8999-XXGNS,0
8746-OQQRW,0
3181-MIZBN,0
0471-ARVMX,0
7766-CLTIC,0
5650-YLIBA,1
0825-CPPQH,0
9084-OAYKL,0
6122-LJADA,0
2400-XIWIO,0
7524-VRLPL,0
1069-XAIEM,1
7569-NMZYQ,0
5201-USSQZ,0
2105-PHWON,0
1494-EJZDW,0
4884-TVUQF,0
8003-EWNDZ,0
1897-RCFUM,0
9256-JTBNZ,0
4658-HCOHW,1
2211-RMNHO,0
2432-TFSMK,0
3440-JPSCL,1
4929-ROART,0
1834-ABKHQ,0
1741-WTPON,0
3932-IJWDZ,0
1240-HCBOH,0
3594-KADLU,0
8065-BVEPF,1
3796-ENZGF,0
1734-ZMNTZ,0
2853-CWQFQ,0
0813-TAXXS,0
2519-TWKFS,0
2889-FPWRM,0
0626-QXNGV,0
6723-CEGQI,0
6987-XQSJT,1
4732-RRJZC,1
9499-XPZXM,0
4338-EYCER,0
3007-FDPEA,0
6350-XFYGW,1
4290-BSXUX,1
8513-OLYGY,0
0311-QYWSS,0
8705-DWKTI,0
8755-IWJHN,1
0325-XBFAC,1
4480-QQRHC,1
0929-PECLO,0
3680-CTHUH,0
1202-KKGFU,0
6112-KTHFQ,0
1852-XEMDW,0
2462-XIIJB,1
4760-XOHVN,1
1820-DJFPH,0
9426-SXNHE,0
9068-FHQHD,0
1269-FOYWN,0
9470-YFUYI,0
7817-BOQPW,1
7402-EYFXX,1
1853-UDXBW,1
9895-VFOXH,1
5458-CQJTA,0
1230-QAJDW,0
5701-ZIKJE,0
5219-YIPTK,1
5032-MIYKT,1
7396-VJUZB,0
9717-QEBGU,1
5172-RKOCB,0
6509-TSGWN,0
3540-RZJYU,1
3178-CIFOT,0
2091-MJTFX,0
4530-NDRKU,0
5985-TBABQ,0
9800-ONTFE,1
6743-HHQPF,0
8455-HIRAQ,0
6616-AALSR,0
0883-EIBTI,0
9415-ZNBSX,0
4018-KJYUY,0
0722-TROQR,1
7571-YXDAD,1
3884-UEBXB,0
8780-RSYYU,0
5537-UXXVS,0
1791-PQHBB,0
8701-DGLVH,0
8741-LQOBK,0
3393-FMZPV,1
8082-GHXOP,0
6402-ZFPPI,1
0980-FEXWF,0
7486-KSRVI,0
3011-WQKSZ,0
8443-WVPSS,1
3006-XIMLN,1
8218-FFJDS,0
1986-PHGZF,1
9965-YOKZB,1
0504-HHAPI,0
9360-OMDZZ,1
6305-YLBMM,0
0345-XMMUG,0
8024-XNAFQ,0
3647-GMGDH,1
2988-GBIVW,0
2832-SCUCO,0
7036-ZZKBD,0
3791-LGQCY,1
0265-PSUAE,1
0463-TXOAK,0
0594-UFTUL,0
9509-MPYOD,0
9128-CPXKI,0
0129-KPTWJ,1
8166-ZZTFS,0
5855-EIBDE,0
5365-LLFYV,1
5956-YHHRX,1
6008-NAIXK,0
2956-GGUCQ,1
1928-BXYIV,0
5760-FXFVO,1
6595-COKXZ,1
0961-ZWLVI,0
5181-OABFK,0
4007-NHVHI,0
7816-VGHTO,0
5871-DGTXZ,0
7550-WIQVA,1
7544-ZVIKX,0
0016-QLJIS,0
7508-DQAKK,0
5176-OLSKT,0
9356-AXGMP,0
3556-BVQGL,0
0362-ZBZWJ,1
8979-CAMGB,0
4211-MMAZN,0
7581-EBBOU,0
4274-OWWYO,1
5073-RZGBK,0
1541-ETJZO,0
2192-CKRLV,0
3154-HMWUU,0
6119-SPUDB,0
6522-OIQSX,0
7813-ZGGAW,1
8748-HFWBO,0
1052-QJIBV,0
1319-YLZJG,0
4106-HADHQ,0
0723-FDLAY,0
3050-RLLXC,0
9298-WGMRW,0
2369-UAPKZ,0
3088-LHEFH,0
2778-OCLGR,0
6583-KQJLK,1
8544-JNBOX,0
6681-ZSEXG,0
6139-ZZRBQ,0
6116-RFVHN,1
0637-KVDLV,1
8884-FEEWR,0
3125-RAHBV,0
6633-MPWBS,1
0373-AIVNJ,0
8785-EPNCG,0
1682-VCOIO,0
5729-KLZAR,1
2072-ZVJJX,0
8849-AYPTR,0
9518-IMLHK,0
1582-RAFML,0
3646-ITDGM,0
8740-CRYFY,1
3569-VLDHH,0
8224-KDLKN,0
7594-LZNWR,0
4001-TSBTV,0
2962-XPMCQ,1
8727-XDPUD,0
1043-UXOVO,0
1064-FBXNK,0
3996-ZNWYK,0
2878-DHMIN,0
7762-ONLJY,0
1678-FYZOW,1
5795-BKOYE,0
8627-EHGIP,0
7402-PWYJJ,0
5480-TBGPH,1
0018-NYROU,1
7501-VTYLJ,0
7608-RGIRO,0
0480-BIXDE,1
5895-QSXOD,1
9814-AOUDH,0
6175-IRFIT,1
8760-ZRHKE,0
1622-HSHSF,0
8854-CCVSQ,1
6749-UTDVX,0
5542-DHSXL,0
9102-OXKFY,0
0511-JTEOY,1
5216-WASFJ,1
7808-DVWEP,1
7067-KSAZT,1
2284-VFLKH,0
0366-NQSHS,0
6532-YLWSI,0
3807-BPOMJ,0
3892-NXAZG,0
4948-WBBKL,1
4182-BGSIQ,0
9300-AGZNL,1
0988-AADSA,0
9972-NKTFD,0
3717-LNXKW,0
5734-EJKXG,0
2207-RYYRL,0
6729-FZWSY,0
9695-IDRZR,0
8144-DGHXP,0
7814-LEEVE,1
1112-CUNAO,1
5175-AOBHI,1
5174-RNGBH,0
8631-WUXGY,1
7270-BDIOA,1
9565-JSNFM,0
5906-DVAPM,0
6654-QGBZZ,0
8348-JLBUG,0
0607-DAAHE,0
5641-DMBFJ,0
9200-NLNPD,0
2664-XJZNO,0
9732-KPKBW,1
3339-EAQNV,0
0921-OHLVP,0
3389-YGYAI,1
9560-ARGQJ,1
8350-NYMVI,0
1600-DILPE,1
0536-ESJEP,0
4654-GGUII,0
6478-HRRCZ,0
8510-BBWMU,0
6857-TKDJV,0
2360-RDGRO,0
0584-BJQGZ,0
5134-IKDAY,1
1360-XFJMR,0
3070-DVEYC,1
5730-RIITO,1
9058-MJLZC,1
5707-ORNDZ,0
0902-XKXPN,0
5177-RVZNU,0
0056-EPFBG,0
8993-IZEUX,0
8696-JKZNU,1
5380-AFSSK,1
8190-ZTQFB,0
0931-MHTEM,0
2055-PDADH,1
7515-LODFU,0
0440-UEDAI,0
1337-BOZWO,0
0868-VJRDR,0
8714-EUHJO,0
6344-SFJVH,0
3950-VPYJB,0
8041-TMEID,0
7321-ZNSLA,0
6941-KXRRV,0
3721-CNEYS,1
8727-JQFHV,0
9475-NNDGC,0
1355-KUSBG,1
3688-FTHLT,0
0899-LIIBW,0
2568-OIADY,1
1384-RCUXW,0
5825-XJOCM,0
6848-YLDFR,0
8125-QPFJD,0
2320-YKQBO,0
1193-RTSLK,0
2302-ANTDP,0
5923-GXUOC,1
4973-RLZVI,0
7869-ZYDST,0
4501-UYKBC,0
1215-EXRMO,0
2305-MRGLV,0
8404-VIOMB,0
5233-GEEAX,1
2359-KLTEK,0
5304-EFJLP,0
2673-ZALNP,0
9184-GALIL,0
4393-RYCRE,0
9746-MDMBK,0
3162-ZJZFU,0
8404-GFGCZ,1
8875-AKBYH,1
4432-ADRLB,1
0533-UCAAU,0
1394-SUIUH,0
3521-MNKLV,0
2533-TIBIX,0
8993-PHFWD,1
1565-RHDJD,1
7137-RYLPP,1
3765-JXVKY,1
5092-STPKP,0
7330-WZLNC,1
0114-PEGZZ,1
3359-DSRKA,0
8639-NHQEI,0
7161-DFHUF,0
3957-LXOLK,1
3720-DBRWL,0
6635-MYYYZ,0
8565-WUXZU,0
5281-BUZGT,1
4994-OBRSZ,0
0562-FGDCR,0
2436-QBZFP,0
3420-YJLQT,1
6040-CGACY,0
6582-PLFUU,0
8242-PDSGJ,0
0264-CNITK,0
0089-IIQKO,0
7839-NUIAA,0
6075-QMNRR,0
5378-IKEEG,1
5966-EMAZU,0
0440-EKDCF,0
4774-HHGGS,0
2718-GAXQD,1
2055-BFOCC,0
8180-AKMJV,1
4298-OYIFC,1
5566-SOEZD,0
9842-EFSYY,0
2272-WUSPA,0
4584-LBNMK,0
3898-GUYTS,0
0930-EHUZA,0
6413-XKKPU,1
9975-SKRNR,1
3703-KBKZP,1
1449-XQEMT,0
2626-URJFX,0
4973-MGTON,0
3682-YEUWS,0
1223-UNPKS,0
2612-RRIDN,1
4735-ASGMA,1
3446-QDSZF,0
3669-LVWZB,0
6892-EZDTG,1
5117-IFGPS,1
7379-FNIUJ,1
1627-AFWVJ,0
9725-SCPZG,1
5884-GCYMI,1
3217-FZDMN,1
4486-EFAEB,0
0060-FUALY,0
7853-GVUDZ,0
7480-QNVZJ,1
6954-OOYZZ,0
7088-FBAWU,0
8313-AFGBW,0
3943-KDREE,0
9239-ZBZZV,1
3097-IDVPU,0
4398-HSCJH,0
2197-OMWGI,0
2303-PJYHN,1
9795-VOWON,0
1237-WIYYZ,0
1987-AUELQ,0
7852-LECYP,1
4430-UZIPO,0
4822-LPTYJ,0
8165-CBKXO,0
6527-PZFPV,0
4855-SNKMY,1
9593-CVZKR,0
8595-SIZNC,0
8008-HAWED,0
7124-UGSUR,0
1862-SKORY,0
5236-XMZJY,0
4827-DPADN,0
2694-CIUMO,0
5846-ABOBJ,0
1439-LCGVL,0
0909-SDHNU,0
4647-XXZAM,0
1502-XFCVR,1
7740-KKCXF,0
5360-XGYAZ,0
9692-TUSXH,1
7912-SYRQT,1
3557-HTYWR,0
4816-JBHOV,1
8920-NAVAY,0
1699-TLDLZ,0
